Z_slice,Number_of_neurons,GlyT2_mean,GlyT2_median,GlyT2_total,Gephyrin_mean,Gephyrin_median,Gephyrin_total
1,3,0.0,0.0,0,0.0,0.0,0
2,3,0.0,0.0,0,0.0,0.0,0
3,4,0.0,0.0,0,3.5,2.5,14
4,1,0.0,0.0,0,3.0,3.0,3
5,3,0.0,0.0,0,0.0,0.0,0
6,3,0.0,0.0,0,0.0,0.0,0
7,1,0.0,0.0,0,0.0,0.0,0
8,1,0.0,0.0,0,0.0,0.0,0
9,1,0.0,0.0,0,0.0,0.0,0
10,1,0.0,0.0,0,0.0,0.0,0
11,2,3.0,3.0,6,4.0,4.0,8
12,5,1.4,0.0,7,7.0,0.0,35
13,6,0.833,0.0,5,2.833,0.0,17
14,5,3.0,0.0,15,9.6,13.0,48
15,5,1.2,0.0,6,5.0,0.0,25
16,4,1.0,0.0,4,4.5,4.5,18
17,7,2.714,0.0,19,10.143,0.0,71
18,6,3.833,0.0,23,11.333,4.0,68
19,9,2.667,0.0,24,7.556,0.0,68
20,4,4.75,0.0,19,10.0,0.0,40
21,7,0.143,0.0,1,0.0,0.0,0
22,9,2.667,0.0,24,1.333,0.0,12
23,9,3.667,0.0,33,0.667,0.0,6
24,10,5.2,0.0,52,0.3,0.0,3
25,11,15.273,7.0,168,12.364,5.0,136
26,14,14.5,7.5,203,9.571,4.0,134
27,11,19.818,10.0,218,10.636,4.0,117
28,8,33.25,15.5,266,18.0,3.5,144
29,20,25.5,14.0,510,10.15,5.0,203
30,20,29.1,17.5,582,8.65,5.0,173
31,21,31.048,23.0,652,15.81,11.0,332
32,15,35.0,0.0,525,18.067,0.0,271
33,13,40.231,0.0,523,15.154,0.0,197
34,19,32.579,2.0,619,18.158,0.0,345
35,17,33.471,0.0,569,15.353,0.0,261
36,12,58.333,22.0,700,18.0,11.5,216
37,9,63.889,22.0,575,32.667,18.0,294
38,12,43.833,6.0,526,27.167,8.5,326
39,8,27.625,9.0,221,18.0,4.0,144
40,13,45.692,8.0,594,16.846,3.0,219
41,20,24.05,0.0,481,12.15,0.0,243
42,17,37.0,0.0,629,15.118,0.0,257
43,10,62.6,50.5,626,26.8,24.5,268
44,15,43.333,0.0,650,19.2,0.0,288
45,16,36.875,0.0,590,8.875,0.0,142
46,11,58.545,65.0,644,18.091,20.0,199
47,21,29.19,0.0,613,9.19,0.0,193
48,24,38.625,2.0,927,16.042,0.0,385
49,15,32.2,0.0,483,11.467,0.0,172
50,14,32.071,0.0,449,10.357,0.0,145
51,21,43.095,12.0,905,11.286,2.0,237
52,17,29.882,0.0,508,9.941,0.0,169
53,18,33.889,8.0,610,14.722,2.5,265
54,25,19.72,0.0,493,7.2,0.0,180
55,18,41.722,1.0,751,17.222,0.0,310
56,23,24.87,0.0,572,12.565,0.0,289
57,28,21.25,0.0,595,9.929,0.0,278
58,37,31.757,0.0,1175,15.946,0.0,590
59,31,20.419,0.0,633,9.742,0.0,302
60,30,24.067,0.5,722,13.367,0.0,401
61,30,38.267,4.5,1148,13.3,2.0,399
62,38,28.553,11.0,1085,11.263,2.5,428
63,35,36.486,7.0,1277,13.029,1.0,456
64,36,45.778,20.0,1648,16.444,5.0,592
65,49,31.837,14.0,1560,14.735,6.0,722
66,29,43.828,17.0,1271,18.655,5.0,541
67,27,32.296,7.0,872,18.519,7.0,500
68,32,25.938,8.5,830,14.656,2.5,469
69,36,28.556,3.5,1028,15.917,1.5,573
70,29,24.345,0.0,706,12.0,0.0,348
71,25,18.12,0.0,453,9.52,0.0,238
72,35,24.714,0.0,865,20.286,0.0,710
73,31,15.516,0.0,481,16.903,0.0,524
74,36,14.528,0.0,523,16.806,0.0,605
75,34,14.471,0.0,492,14.735,0.0,501
76,41,19.585,0.0,803,19.0,0.0,779
77,43,16.93,0.0,728,14.256,0.0,613
78,38,5.632,0.0,214,4.474,0.0,170
79,42,14.524,0.0,610,16.929,0.0,711
80,46,8.261,0.0,380,13.935,0.0,641
81,55,5.818,0.0,320,6.309,0.0,347
82,57,10.754,0.0,613,8.386,0.0,478
83,55,5.382,0.0,296,1.673,0.0,92
84,64,10.734,0.0,687,8.219,0.0,526
85,58,16.103,0.0,934,8.483,0.0,492
86,47,17.468,0.0,821,8.851,0.0,416
87,41,20.854,0.0,855,8.171,0.0,335
88,38,8.053,0.0,306,3.474,0.0,132
89,34,21.559,0.0,733,13.382,0.0,455
90,37,22.892,0.0,847,8.486,0.0,314
91,36,14.306,0.0,515,9.167,0.0,330
92,34,9.5,0.0,323,10.294,0.0,350
93,48,11.188,0.0,537,13.229,0.0,635
94,41,21.61,0.0,886,9.585,0.0,393
95,38,15.868,0.0,603,12.553,0.0,477
96,38,15.158,0.0,576,5.5,0.0,209
97,54,12.056,0.0,651,10.444,0.0,564
98,50,20.36,0.0,1018,16.8,0.0,840
99,41,12.585,0.0,516,14.585,0.0,598
100,44,17.409,0.0,766,14.341,0.0,631
101,47,25.532,0.0,1200,16.106,0.0,757
102,41,21.707,0.0,890,15.415,0.0,632
103,38,24.053,0.0,914,14.684,0.0,558
104,44,31.182,0.0,1372,18.409,0.0,810
105,49,22.408,0.0,1098,15.245,0.0,747
106,56,20.411,0.0,1143,11.839,0.0,663
107,43,10.349,0.0,445,5.0,0.0,215
108,42,11.5,0.0,483,4.833,0.0,203
109,36,9.667,0.0,348,12.583,0.0,453
110,45,18.6,0.0,837,7.178,0.0,323
111,47,16.255,0.0,764,10.745,0.0,505
112,52,20.942,0.0,1089,9.865,0.0,513
113,58,14.379,0.0,834,6.966,0.0,404
114,53,7.321,0.0,388,3.491,0.0,185
115,48,8.312,0.0,399,2.208,0.0,106
116,52,8.558,0.0,445,5.327,0.0,277
117,43,10.163,0.0,437,4.256,0.0,183
118,61,5.918,0.0,361,1.918,0.0,117
119,56,12.268,0.0,687,4.232,0.0,237
120,67,1.567,0.0,105,0.776,0.0,52
121,70,4.471,0.0,313,2.871,0.0,201
122,70,4.929,0.0,345,4.4,0.0,308
123,83,0.036,0.0,3,1.711,0.0,142
124,72,4.486,0.0,323,3.167,0.0,228
125,66,13.303,0.0,878,6.758,0.0,446
126,55,4.291,0.0,236,3.527,0.0,194
127,64,0.359,0.0,23,5.062,0.0,324
128,80,0.212,0.0,17,4.325,0.0,346
129,62,8.484,0.0,526,10.435,0.0,647
130,56,1.821,0.0,102,8.554,0.0,479
131,76,3.539,0.0,269,8.487,0.0,645
132,86,2.302,0.0,198,7.047,0.0,606
133,64,9.703,0.0,621,5.922,0.0,379
134,77,12.0,0.0,924,5.727,0.0,441
135,82,10.329,0.0,847,3.341,0.0,274
136,112,5.25,0.0,588,4.054,0.0,454
137,108,5.546,0.0,599,6.546,0.0,707
138,87,6.724,0.0,585,6.333,0.0,551
139,94,2.596,0.0,244,4.787,0.0,450
140,99,4.687,0.0,464,6.061,0.0,600
141,129,2.07,0.0,267,3.302,0.0,426
142,163,3.509,0.0,572,3.472,0.0,566
143,135,5.393,0.0,728,5.607,0.0,757
144,103,3.437,0.0,354,5.029,0.0,518
145,130,4.923,0.0,640,5.962,0.0,775
146,118,2.551,0.0,301,3.627,0.0,428
147,121,1.463,0.0,177,3.521,0.0,426
148,139,5.482,0.0,762,5.245,0.0,729
149,126,4.151,0.0,523,4.611,0.0,581
150,155,4.194,0.0,650,3.239,0.0,502
151,168,3.869,0.0,650,3.321,0.0,558
152,146,5.13,0.0,749,3.356,0.0,490
153,154,3.123,0.0,481,4.286,0.0,660
154,149,6.53,0.0,973,3.664,0.0,546
155,178,1.747,0.0,311,1.624,0.0,289
156,165,0.455,0.0,75,0.994,0.0,164
157,178,2.067,0.0,368,1.449,0.0,258
158,171,3.105,0.0,531,2.912,0.0,498
159,158,0.677,0.0,107,1.544,0.0,244
160,154,1.721,0.0,265,2.981,0.0,459
161,142,3.606,0.0,512,2.972,0.0,422
162,180,3.239,0.0,583,2.589,0.0,466
163,194,2.912,0.0,565,2.335,0.0,453
164,164,2.317,0.0,380,2.97,0.0,487
165,186,0.667,0.0,124,0.763,0.0,142
166,170,4.065,0.0,691,1.176,0.0,200
167,145,6.545,0.0,949,1.683,0.0,244
168,148,7.554,0.0,1118,4.0,0.0,592
169,164,4.97,0.0,815,3.945,0.0,647
170,184,5.299,0.0,975,3.685,0.0,678
171,152,4.507,0.0,685,4.164,0.0,633
172,153,3.961,0.0,606,4.176,0.0,639
173,147,1.238,0.0,182,2.272,0.0,334
174,112,1.491,0.0,167,3.321,0.0,372
175,139,2.813,0.0,391,5.317,0.0,739
176,129,1.868,0.0,241,2.186,0.0,282
177,121,3.074,0.0,372,4.917,0.0,595
178,134,3.59,0.0,481,5.582,0.0,748
179,129,5.109,0.0,659,5.783,0.0,746
180,129,5.419,0.0,699,8.186,0.0,1056
181,122,3.295,0.0,402,7.639,0.0,932
182,135,5.348,0.0,722,8.126,0.0,1097
183,130,9.908,0.0,1288,9.277,0.0,1206
184,112,10.911,0.0,1222,8.304,0.0,930
185,107,5.972,0.0,639,6.804,0.0,728
186,98,6.592,0.0,646,6.99,0.0,685
187,85,6.094,0.0,518,5.271,0.0,448
188,101,7.584,0.0,766,9.307,0.0,940
189,102,11.225,0.0,1145,10.422,0.0,1063
190,78,10.359,0.0,808,7.333,0.0,572
191,67,10.403,0.0,697,13.343,0.0,894
192,85,7.518,0.0,639,8.706,0.0,740
193,105,8.695,0.0,913,5.8,0.0,609
194,98,4.745,0.0,465,9.959,0.0,976
195,92,3.685,0.0,339,9.424,0.0,867
196,97,3.928,0.0,381,6.938,0.0,673
197,80,9.45,0.0,756,11.538,0.0,923
198,89,3.438,0.0,306,9.506,0.0,846
199,87,2.989,0.0,260,9.816,0.0,854
200,77,6.649,0.0,512,16.026,0.0,1234
201,63,6.508,0.0,410,19.524,0.0,1230
202,61,4.459,0.0,272,17.492,0.0,1067
203,72,2.583,0.0,186,12.278,0.0,884
204,66,3.394,0.0,224,14.455,0.0,954
205,75,2.44,0.0,183,12.92,0.0,969
206,69,4.13,0.0,285,17.0,0.0,1173
207,73,5.014,0.0,366,11.973,0.0,874
208,76,2.737,0.0,208,17.921,0.0,1362
209,95,2.653,0.0,252,14.147,0.0,1344
210,95,4.463,0.0,424,12.137,0.0,1153
211,80,7.238,0.0,579,11.1,0.0,888
212,84,13.524,0.0,1136,12.048,0.0,1012
213,78,7.423,0.0,579,11.692,0.0,912
214,58,6.31,0.0,366,12.138,0.0,704
215,61,2.426,0.0,148,9.672,0.0,590
216,84,7.881,0.0,662,11.643,0.0,978
217,78,7.756,0.0,605,16.0,0.0,1248
218,79,7.392,0.0,584,12.342,0.0,975
219,88,0.943,0.0,83,5.886,0.0,518
220,91,0.791,0.0,72,6.626,0.0,603
221,108,4.759,0.0,514,10.12,0.0,1093
222,94,1.106,0.0,104,10.872,0.0,1022
223,79,1.494,0.0,118,12.595,0.0,995
224,92,1.707,0.0,157,10.043,0.0,924
225,84,4.0,0.0,336,12.905,0.0,1084
226,90,1.922,0.0,173,12.422,0.0,1118
227,88,4.75,0.0,418,10.875,0.0,957
228,101,9.426,0.0,952,8.05,0.0,813
229,94,0.926,0.0,87,5.979,0.0,562
230,109,2.468,0.0,269,9.312,0.0,1015
231,104,1.702,0.0,177,7.019,0.0,730
232,100,5.51,0.0,551,7.93,0.0,793
233,97,6.32,0.0,613,11.247,0.0,1091
234,103,3.65,0.0,376,14.01,0.0,1443
235,102,4.392,0.0,448,7.127,0.0,727
236,96,4.167,0.0,400,11.417,0.0,1096
237,101,2.337,0.0,236,8.832,0.0,892
238,110,2.245,0.0,247,11.491,0.0,1264
239,119,3.303,0.0,393,12.412,0.0,1477
240,105,4.152,0.0,436,14.029,0.0,1473
241,122,2.0,0.0,244,12.844,0.0,1567
242,140,2.986,0.0,418,10.029,0.0,1404
243,129,3.612,0.0,466,9.837,0.0,1269
244,117,3.538,0.0,414,11.128,0.0,1302
245,111,3.541,0.0,393,9.252,0.0,1027
246,107,4.047,0.0,433,9.28,0.0,993
247,116,3.534,0.0,410,8.534,0.0,990
248,99,4.556,0.0,451,9.566,0.0,947
249,89,2.719,0.0,242,12.382,0.0,1102
250,88,9.932,0.0,874,13.636,0.0,1200
251,99,7.949,0.0,787,10.556,0.0,1045
252,106,5.83,0.0,618,8.547,0.0,906
253,114,4.842,0.0,552,8.711,0.0,993
254,116,5.147,0.0,597,7.75,0.0,899
255,107,6.86,0.0,734,6.43,0.0,688
256,119,9.605,0.0,1143,9.496,0.0,1130
257,115,10.009,0.0,1151,10.383,0.0,1194
258,90,11.7,0.0,1053,11.178,0.0,1006
259,87,7.322,0.0,637,11.069,0.0,963
260,84,6.024,0.0,506,8.357,0.0,702
261,103,11.039,0.0,1137,6.748,0.0,695
262,120,5.708,0.0,685,8.45,0.0,1014
263,144,5.0,0.0,720,6.604,0.0,951
264,132,3.212,0.0,424,5.053,0.0,667
265,143,5.748,0.0,822,6.545,0.0,936
266,162,4.105,0.0,665,3.988,0.0,646
267,169,4.26,0.0,720,4.71,0.0,796
268,174,6.793,0.0,1182,5.489,0.0,955
269,198,4.348,0.0,861,5.288,0.0,1047
270,172,3.913,0.0,673,3.866,0.0,665
271,158,5.165,0.0,816,5.544,0.0,876
272,169,3.391,0.0,573,4.178,0.0,706
273,163,8.043,0.0,1311,6.393,0.0,1042
274,157,10.019,0.0,1573,8.204,0.0,1288
275,145,14.014,0.0,2032,7.993,0.0,1159
276,147,17.272,0.0,2539,10.088,0.0,1483
277,146,13.959,0.0,2038,7.603,0.0,1110
278,148,20.128,0.0,2979,10.473,0.0,1550
279,144,17.417,0.0,2508,11.806,0.0,1700
280,142,14.563,0.0,2068,9.908,0.0,1407
281,133,9.143,0.0,1216,7.474,0.0,994
282,126,16.873,0.0,2126,9.627,0.0,1213
283,144,11.507,0.0,1657,11.215,0.0,1615
284,157,11.522,0.0,1809,7.688,0.0,1207
285,153,8.804,0.0,1347,9.033,0.0,1382
286,128,22.039,0.0,2821,10.188,0.0,1304
287,131,14.489,0.0,1898,10.74,0.0,1407
288,140,8.043,0.0,1126,7.664,0.0,1073
289,152,12.355,0.0,1878,6.941,0.0,1055
290,125,12.816,0.0,1602,11.64,0.0,1455
291,137,6.504,0.0,891,11.839,0.0,1622
292,161,12.199,0.0,1964,10.435,0.0,1680
293,144,9.333,0.0,1344,9.229,0.0,1329
294,135,14.563,0.0,1966,10.622,0.0,1434
295,157,10.293,0.0,1616,8.357,0.0,1312
296,144,5.875,0.0,846,7.208,0.0,1038
297,157,10.58,0.0,1661,6.688,0.0,1050
298,155,11.594,0.0,1797,6.265,0.0,971
299,153,11.007,0.0,1684,6.758,0.0,1034
300,158,16.266,0.0,2570,7.272,0.0,1149
301,148,8.041,0.0,1190,7.209,0.0,1067
302,164,9.0,0.0,1476,6.244,0.0,1024
303,148,10.5,0.0,1554,8.068,0.0,1194
304,126,9.905,0.0,1248,7.071,0.0,891
305,131,9.244,0.0,1211,8.939,0.0,1171
306,129,6.155,0.0,794,8.605,0.0,1110
307,136,10.39,0.0,1413,9.206,0.0,1252
308,130,14.323,0.0,1862,7.854,0.0,1021
309,152,10.809,0.0,1643,7.809,0.0,1187
310,155,9.955,0.0,1543,7.187,0.0,1114
311,145,11.338,0.0,1644,7.655,0.0,1110
312,172,16.924,0.0,2911,9.721,0.0,1672
313,164,13.043,0.0,2139,7.11,0.0,1166
314,153,6.49,0.0,993,5.562,0.0,851
315,149,16.349,0.0,2436,8.47,0.0,1262
316,132,17.75,0.0,2343,6.045,0.0,798
317,124,14.839,0.0,1840,9.298,0.0,1153
318,104,12.048,0.0,1253,6.74,0.0,701
319,110,14.464,0.0,1591,5.536,0.0,609
320,118,21.975,0.0,2593,13.568,0.0,1601
321,127,11.567,0.0,1469,13.764,0.0,1748
322,134,7.224,0.0,968,9.485,0.0,1271
323,123,9.61,0.0,1182,12.675,0.0,1559
324,118,10.881,0.0,1284,13.669,0.0,1613
325,138,9.551,0.0,1318,13.435,0.0,1854
326,130,16.038,0.0,2085,11.0,0.0,1430
327,117,8.966,0.0,1049,10.026,0.0,1173
328,111,10.505,0.0,1166,15.261,0.0,1694
329,109,12.908,0.0,1407,16.633,0.0,1813
330,91,5.571,0.0,507,13.22,0.0,1203
331,96,15.948,0.0,1531,13.125,0.0,1260
332,114,18.43,0.0,2101,7.763,0.0,885
333,111,12.694,0.0,1409,9.676,0.0,1074
334,113,9.664,0.0,1092,12.027,0.0,1359
335,132,10.947,0.0,1445,15.083,0.0,1991
336,113,7.77,0.0,878,16.965,0.0,1917
337,120,11.542,0.0,1385,18.508,0.0,2221
338,110,8.964,0.0,986,15.964,0.0,1756
339,97,7.443,0.0,722,17.763,0.0,1723
340,113,6.035,0.0,682,18.23,0.0,2060
341,103,9.816,0.0,1011,18.767,0.0,1933
342,122,9.197,0.0,1122,16.262,0.0,1984
343,121,7.686,0.0,930,17.488,0.0,2116
344,134,13.306,0.0,1783,16.813,0.0,2253
345,146,16.596,0.0,2423,17.74,0.0,2590
346,137,6.934,0.0,950,19.818,0.0,2715
347,158,5.778,0.0,913,16.285,0.0,2573
348,156,4.064,0.0,634,14.442,0.0,2253
349,150,4.573,0.0,686,11.953,0.0,1793
350,156,1.949,0.0,304,13.205,0.0,2060
351,165,5.509,0.0,909,13.2,0.0,2178
352,152,11.197,0.0,1702,16.237,0.0,2468
353,145,9.434,0.0,1368,16.917,0.0,2453
354,163,6.988,0.0,1139,11.828,0.0,1928
355,173,5.792,0.0,1002,12.925,0.0,2236
356,164,4.244,0.0,696,11.982,0.0,1965
357,145,5.193,0.0,753,12.097,0.0,1754
358,150,3.767,0.0,565,11.967,0.0,1795
359,140,5.864,0.0,821,10.679,0.0,1495
360,121,9.364,0.0,1133,19.843,0.0,2401
361,122,6.869,0.0,838,18.844,0.0,2299
362,110,6.564,0.0,722,16.891,0.0,1858
363,117,9.051,0.0,1059,16.684,0.0,1952
364,119,4.412,0.0,525,13.824,0.0,1645
365,115,1.696,0.0,195,14.643,0.0,1684
366,125,8.256,0.0,1032,20.872,0.0,2609
367,125,6.944,0.0,868,18.544,0.0,2318
368,127,5.622,0.0,714,18.646,0.0,2368
369,112,5.411,0.0,606,15.964,0.0,1788
370,118,1.653,0.0,195,14.203,0.0,1676
371,118,9.119,0.0,1076,9.949,0.0,1174
372,106,10.142,0.0,1075,11.943,0.0,1266
373,98,8.867,0.0,869,9.235,0.0,905
374,106,8.462,0.0,897,14.858,0.0,1575
375,108,3.5,0.0,378,15.139,0.0,1635
376,114,11.237,0.0,1281,15.684,0.0,1788
377,118,14.28,0.0,1685,17.237,0.0,2034
378,134,11.537,0.0,1546,14.201,0.0,1903
379,110,2.855,0.0,314,16.509,0.0,1816
380,121,3.694,0.0,447,14.083,0.0,1704
381,126,3.849,0.0,485,13.016,0.0,1640
382,142,7.289,0.0,1035,14.437,0.0,2050
383,144,7.847,0.0,1130,12.278,0.0,1768
384,119,5.782,0.0,688,14.429,0.0,1717
385,128,9.414,0.0,1205,19.156,0.0,2452
386,117,0.513,0.0,60,13.342,0.0,1561
387,132,1.515,0.0,200,11.515,0.0,1520
388,134,2.858,0.0,383,16.978,0.0,2275
389,147,5.565,0.0,818,15.558,0.0,2287
390,138,5.804,0.0,801,17.63,0.0,2433
391,155,4.394,0.0,681,13.684,0.0,2121
392,137,4.182,0.0,573,14.394,0.0,1972
393,120,8.333,0.0,1000,19.567,0.0,2348
394,104,6.538,0.0,680,16.702,0.0,1737
395,131,11.695,0.0,1532,18.397,0.0,2410
396,140,11.536,0.0,1615,14.243,0.0,1994
397,132,8.924,0.0,1178,16.386,0.0,2163
398,143,9.699,0.0,1387,13.182,0.0,1885
399,138,7.464,0.0,1030,19.986,0.0,2758
400,145,3.345,0.0,485,12.648,0.0,1834
401,133,0.489,0.0,65,17.714,0.0,2356
402,116,3.828,0.0,444,18.603,0.0,2158
403,116,3.138,0.0,364,16.284,0.0,1889
404,103,1.097,0.0,113,14.136,0.0,1456
405,111,7.414,0.0,823,14.559,0.0,1616
406,112,7.598,0.0,851,16.0,0.0,1792
407,118,5.068,0.0,598,16.203,0.0,1912
408,100,0.35,0.0,35,16.14,0.0,1614
409,109,9.138,0.0,996,21.945,0.0,2392
410,98,0.449,0.0,44,16.327,0.0,1600
411,100,1.45,0.0,145,17.43,0.0,1743
412,137,1.182,0.0,162,12.161,0.0,1666
413,123,0.545,0.0,67,14.146,0.0,1740
414,90,4.811,0.0,433,17.211,0.0,1549
415,105,6.962,0.0,731,18.105,0.0,1901
416,88,7.136,0.0,628,17.534,0.0,1543
417,88,5.557,0.0,489,17.966,0.0,1581
418,90,6.011,0.0,541,19.511,0.0,1756
419,86,7.36,0.0,633,22.826,0.0,1963
420,86,9.988,0.0,859,18.628,0.0,1602
421,74,1.324,0.0,98,16.162,0.0,1196
422,69,1.783,0.0,123,19.739,0.0,1362
423,69,5.232,0.0,361,16.275,0.0,1123
424,81,4.568,0.0,370,14.235,0.0,1153
425,74,2.135,0.0,158,12.797,0.0,947
426,85,8.424,0.0,716,17.953,0.0,1526
427,64,13.688,0.0,876,28.188,0.0,1804
428,57,1.105,0.0,63,25.526,0.0,1455
429,59,5.729,0.0,338,21.525,0.0,1270
430,76,17.658,0.0,1342,31.158,0.0,2368
431,91,10.824,0.0,985,22.374,0.0,2036
432,72,9.625,0.0,693,34.569,0.0,2489
433,74,4.649,0.0,344,30.095,0.0,2227
434,79,6.633,0.0,524,31.557,0.0,2493
435,73,11.534,0.0,842,34.452,0.0,2515
436,85,8.824,0.0,750,35.271,0.0,2998
437,69,4.072,0.0,281,27.377,0.0,1889
438,71,7.732,0.0,549,27.563,0.0,1957
439,78,3.141,0.0,245,26.051,0.0,2032
440,86,2.814,0.0,242,28.814,0.0,2478
441,71,3.887,0.0,276,33.38,0.0,2370
442,64,4.688,0.0,300,37.234,0.0,2383
443,69,5.174,0.0,357,29.072,0.0,2006
444,74,3.662,0.0,271,39.176,0.0,2899
445,73,8.589,0.0,627,33.767,0.0,2465
446,65,10.723,0.0,697,34.969,0.0,2273
447,72,11.514,0.0,829,18.583,0.0,1338
448,81,10.049,0.0,814,24.531,0.0,1987
449,97,4.536,0.0,440,23.66,0.0,2295
450,98,8.551,0.0,838,21.959,0.0,2152
451,85,7.024,0.0,597,26.565,0.0,2258
452,81,3.852,0.0,312,27.136,0.0,2198
453,65,3.308,0.0,215,26.538,0.0,1725
454,68,1.765,0.0,120,31.294,0.0,2128
455,80,3.95,0.0,316,23.388,0.0,1871
456,81,1.815,0.0,147,28.123,0.0,2278
457,75,4.067,0.0,305,25.133,0.0,1885
458,67,7.104,0.0,476,18.836,0.0,1262
459,68,9.103,0.0,619,27.765,0.0,1888
460,55,6.055,0.0,333,31.509,0.0,1733
461,53,3.774,0.0,200,39.151,0.0,2075
462,77,6.338,0.0,488,34.844,0.0,2683
463,85,4.447,0.0,378,42.506,3.0,3613
464,80,4.9,0.0,392,42.9,6.0,3432
465,89,5.303,0.0,472,42.472,0.0,3780
466,115,6.113,0.0,703,32.035,0.0,3684
467,79,5.772,0.0,456,38.747,0.0,3061
468,87,4.736,0.0,412,33.264,0.0,2894
469,95,3.916,0.0,372,25.642,0.0,2436
470,82,5.805,0.0,476,30.159,0.0,2473
471,104,3.76,0.0,391,33.683,0.0,3503
472,97,5.021,0.0,487,38.175,0.0,3703
473,119,4.303,0.0,512,33.319,0.0,3965
474,120,5.958,0.0,715,38.008,2.5,4561
475,99,5.414,0.0,536,32.283,0.0,3196
476,95,2.589,0.0,246,29.453,0.0,2798
477,83,7.169,0.0,595,43.349,0.0,3598
478,100,7.82,0.0,782,39.22,0.0,3922
479,100,12.88,0.0,1288,44.14,11.0,4414
480,91,8.088,0.0,736,47.121,13.0,4288
481,80,10.562,0.0,845,43.862,0.0,3509
482,82,12.622,0.0,1035,39.866,0.0,3269
483,91,10.912,0.0,993,39.615,0.0,3605
484,87,17.425,0.0,1516,47.885,0.0,4166
485,86,15.186,0.0,1306,44.291,2.0,3809
486,95,14.884,0.0,1414,43.832,0.0,4164
487,69,14.188,0.0,979,52.87,0.0,3648
488,69,18.319,0.0,1264,61.159,41.0,4220
489,93,14.032,0.0,1305,43.957,0.0,4088
490,83,10.349,0.0,859,41.349,0.0,3432
491,84,12.988,0.0,1091,44.31,0.0,3722
492,73,20.671,0.0,1509,54.452,0.0,3975
493,64,22.438,0.0,1436,57.516,18.5,3681
494,60,32.35,0.0,1941,50.5,0.0,3030
495,60,37.133,0.0,2228,49.417,0.0,2965
496,65,32.031,0.0,2082,44.338,0.0,2882
497,81,26.395,0.0,2138,49.321,0.0,3995
498,63,25.778,0.0,1624,42.698,0.0,2690
499,64,37.703,0.0,2413,61.5,44.0,3936
500,68,32.706,0.0,2224,59.603,56.0,4053
501,79,23.519,0.0,1858,43.759,23.0,3457
502,77,30.935,0.0,2382,46.662,27.0,3593
503,66,20.455,0.0,1350,37.591,0.0,2481
504,65,25.477,0.0,1656,36.785,0.0,2391
505,71,31.831,0.0,2260,43.986,0.0,3123
506,72,26.0,0.0,1872,45.25,0.0,3258
507,66,26.515,0.0,1750,60.167,13.0,3971
508,61,22.262,0.0,1358,52.148,0.0,3181
509,71,20.169,0.0,1432,55.577,0.0,3946
510,69,8.333,0.0,575,53.551,0.0,3695
511,66,12.439,0.0,821,59.091,36.0,3900
512,71,13.845,0.0,983,50.423,0.0,3580
513,72,30.347,0.0,2185,58.931,38.5,4243
514,100,23.75,0.0,2375,57.3,14.0,5730
515,92,25.902,0.0,2383,53.913,36.5,4960
516,82,28.512,0.0,2338,56.89,35.5,4665
517,92,16.272,0.0,1497,44.587,30.5,4102
518,84,19.845,0.0,1667,38.429,19.0,3228
519,83,26.229,0.0,2177,34.916,5.0,2898
520,87,24.448,0.0,2127,34.943,22.0,3040
521,85,20.094,0.0,1708,33.306,16.0,2831
522,90,38.3,0.0,3447,33.767,26.0,3039
523,98,27.969,0.5,2741,34.082,22.5,3340
524,102,27.294,0.0,2784,34.294,25.0,3498
525,95,12.316,0.0,1170,24.6,12.0,2337
526,97,10.763,0.0,1044,25.742,17.0,2497
527,95,14.168,0.0,1346,25.105,10.0,2385
528,98,14.173,0.0,1389,29.582,10.0,2899
529,79,14.063,0.0,1111,21.43,0.0,1693
530,81,6.457,0.0,523,23.198,0.0,1879
531,77,14.299,0.0,1101,32.805,10.0,2526
532,100,13.85,0.0,1385,26.61,8.5,2661
533,91,15.198,0.0,1383,24.0,0.0,2184
534,102,19.402,0.0,1979,23.941,11.0,2442
535,111,19.694,0.0,2186,21.126,6.0,2345
536,107,11.15,0.0,1193,22.794,6.0,2439
537,107,20.374,0.0,2180,21.542,0.0,2305
538,112,20.071,0.0,2248,25.67,12.0,2875
539,114,13.491,0.0,1538,25.684,10.5,2928
540,113,22.345,0.0,2525,23.336,3.0,2637
541,104,24.962,0.0,2596,20.894,0.0,2173
542,80,19.9,0.0,1592,21.35,1.5,1708
543,96,12.302,0.0,1181,18.708,0.0,1796
544,95,13.811,0.0,1312,18.537,2.0,1761
545,108,13.491,0.0,1457,20.546,0.5,2219
546,91,10.571,0.0,962,22.418,1.0,2040
547,94,21.862,0.0,2055,20.362,0.0,1914
548,100,22.08,0.0,2208,24.57,7.5,2457
549,111,16.198,0.0,1798,23.712,8.0,2632
550,92,18.174,0.0,1672,20.739,0.0,1908
551,105,17.029,0.0,1788,19.257,0.0,2022
552,104,16.635,0.0,1730,17.24,0.0,1793
553,99,21.667,0.0,2145,18.121,0.0,1794
554,108,22.639,0.0,2445,16.352,0.0,1766
555,108,25.5,0.0,2754,16.556,0.0,1788
556,107,19.178,0.0,2052,19.822,0.0,2121
557,93,18.527,0.0,1723,23.505,9.0,2186
558,94,22.574,0.0,2122,22.66,7.0,2130
559,119,17.992,0.0,2141,19.798,3.0,2356
560,120,14.825,0.0,1779,19.325,0.0,2319
561,100,14.11,0.5,1411,20.1,0.5,2010
562,95,13.916,1.0,1322,23.937,5.0,2274
563,85,8.541,0.0,726,20.706,0.0,1760
564,91,16.857,0.0,1534,19.385,0.0,1764
565,98,10.776,0.0,1056,17.561,0.0,1721
566,97,16.938,0.0,1643,18.186,0.0,1764
567,105,22.419,0.0,2354,18.581,0.0,1951
568,101,17.01,0.0,1718,18.871,0.0,1906
569,103,20.447,0.0,2106,16.68,0.0,1718
570,111,14.378,0.0,1596,15.757,0.0,1749
571,102,13.931,0.0,1421,17.696,0.0,1805
572,109,16.046,0.0,1749,15.78,0.0,1720
573,111,14.568,0.0,1617,13.162,0.0,1461
574,108,16.981,0.0,1834,16.556,0.0,1788
575,118,14.856,0.0,1753,18.347,0.0,2165
576,120,14.117,0.0,1694,17.158,0.0,2059
577,129,14.721,0.0,1899,18.349,0.0,2367
578,141,17.277,0.0,2436,19.709,5.0,2779
579,141,16.255,0.0,2292,19.369,0.0,2731
580,149,14.416,0.0,2148,17.711,0.0,2639
581,121,12.893,0.0,1560,17.678,0.0,2139
582,118,18.678,0.0,2204,18.483,0.0,2181
583,137,18.131,0.0,2484,14.92,0.0,2044
584,132,20.962,0.0,2767,17.568,0.0,2319
585,124,22.605,0.0,2803,21.073,3.5,2613
586,141,22.092,1.0,3115,20.369,5.0,2872
587,140,22.086,2.0,3092,21.779,14.0,3049
588,123,26.561,3.0,3267,23.902,20.0,2940
589,133,18.511,1.0,2462,22.481,12.0,2990
590,139,14.309,1.0,1989,21.029,13.0,2923
591,123,14.163,0.0,1742,21.504,8.0,2645
592,125,15.096,0.0,1887,19.176,2.0,2397
593,142,15.106,0.0,2145,16.768,0.0,2381
594,141,15.447,0.0,2178,18.05,1.0,2545
595,150,15.667,0.0,2350,17.813,0.0,2672
596,131,14.779,0.0,1936,19.359,1.0,2536
597,119,17.05,0.0,2029,20.101,3.0,2392
598,121,19.826,0.0,2399,20.719,0.0,2507
599,118,18.059,0.0,2131,20.466,0.0,2415
600,149,12.43,0.0,1852,18.456,0.0,2750
601,147,11.912,0.0,1751,18.116,1.0,2663
602,136,13.853,0.0,1884,18.36,2.0,2497
603,155,16.194,0.0,2510,18.484,0.0,2865
604,136,20.971,0.0,2852,19.103,1.5,2598
605,123,23.024,0.0,2832,19.78,3.0,2433
606,137,19.964,0.0,2735,18.438,2.0,2526
607,132,22.735,1.5,3001,21.856,10.5,2885
608,142,21.852,1.5,3103,22.965,13.0,3261
609,140,20.514,1.0,2872,20.336,12.0,2847
610,131,22.672,2.0,2970,21.427,14.0,2807
611,132,25.008,0.0,3301,22.348,14.0,2950
612,150,19.913,0.0,2987,18.513,2.5,2777
613,135,26.43,2.0,3568,21.444,14.0,2895
614,141,20.248,0.0,2855,19.34,4.0,2727
615,142,20.282,0.0,2880,21.775,9.0,3092
616,139,20.475,0.0,2846,18.863,10.0,2622
617,141,19.305,0.0,2722,17.22,1.0,2428
618,130,19.262,0.0,2504,16.392,0.0,2131
619,125,22.4,0.0,2800,19.296,0.0,2412
620,130,29.5,0.5,3835,19.192,0.5,2495
621,127,28.654,2.0,3639,21.37,11.0,2714
622,139,25.662,2.0,3567,20.683,11.0,2875
623,147,25.878,4.0,3804,20.313,12.0,2986
624,158,25.804,2.0,4077,18.671,12.0,2950
625,156,25.545,2.0,3985,20.955,15.5,3269
626,154,24.195,4.5,3726,19.747,16.0,3041
627,157,27.822,4.0,4368,20.732,17.0,3255
628,140,28.264,4.5,3957,21.393,17.0,2995
629,150,27.667,6.5,4150,20.3,15.0,3045
630,154,26.019,5.0,4007,20.903,11.5,3219
631,142,29.824,8.0,4235,22.169,13.0,3148
632,147,27.415,7.0,4030,22.306,16.0,3279
633,144,31.104,5.0,4479,22.285,11.0,3209
634,135,32.615,6.0,4403,22.6,17.0,3051
635,137,29.445,4.0,4034,20.81,13.0,2851
636,149,33.517,3.0,4994,22.356,11.0,3331
637,156,26.494,0.0,4133,18.968,6.0,2959
638,150,26.48,2.5,3972,19.407,13.0,2911
639,146,25.432,3.0,3713,19.185,13.0,2801
640,142,26.12,1.5,3709,19.775,10.5,2808
641,143,28.196,3.0,4032,20.783,12.0,2972
642,157,26.121,4.0,4101,21.159,15.0,3322
643,165,29.63,5.0,4889,20.455,15.0,3375
644,141,32.121,5.0,4529,23.589,17.0,3326
645,136,36.132,5.5,4914,24.324,18.0,3308
646,124,36.984,8.0,4586,23.516,19.0,2916
647,129,30.798,4.0,3973,22.736,13.0,2933
648,141,27.383,0.0,3861,18.986,9.0,2677
649,139,28.734,0.0,3994,17.353,10.0,2412
650,127,31.74,3.0,4031,19.047,12.0,2419
651,130,35.115,2.5,4565,19.223,9.0,2499
652,112,40.411,0.0,4526,20.75,9.0,2324
653,120,35.708,0.0,4285,22.183,12.0,2662
654,123,29.293,0.0,3603,17.821,7.0,2192
655,104,36.558,0.0,3802,19.538,11.0,2032
656,117,33.615,0.0,3933,18.632,6.0,2180
657,120,30.167,0.0,3620,15.833,5.5,1900
658,114,30.193,0.0,3442,18.114,5.0,2065
659,121,25.38,0.0,3071,13.264,0.0,1605
660,119,27.37,0.0,3257,13.731,3.0,1634
661,107,27.682,0.0,2962,12.421,3.0,1329
662,107,28.327,0.0,3031,14.589,4.0,1561
663,112,30.839,0.0,3454,14.098,6.0,1579
664,97,29.876,0.0,2898,13.794,5.0,1338
665,93,28.925,0.0,2690,13.634,4.0,1268
666,87,22.322,0.0,1942,9.885,3.0,860
667,89,26.146,0.0,2327,10.966,4.0,976
668,96,27.469,0.0,2637,10.958,1.0,1052
669,101,22.683,0.0,2291,8.465,0.0,855
670,100,26.97,0.0,2697,8.16,0.0,816
671,110,24.218,0.0,2664,8.127,1.5,894
672,106,26.481,0.0,2807,8.028,2.0,851
673,99,22.949,0.0,2272,7.96,2.0,788
674,93,22.011,0.0,2047,7.645,2.0,711
675,95,28.358,0.0,2694,7.2,2.0,684
676,94,23.436,0.0,2203,5.67,0.5,533
677,106,26.113,0.0,2768,6.925,2.0,734
678,104,23.154,0.0,2408,5.942,0.0,618
679,92,33.359,0.0,3069,9.283,1.5,854
680,81,36.704,0.0,2973,9.16,2.0,742
681,82,36.707,0.0,3010,10.756,4.0,882
682,84,21.917,0.0,1841,8.952,4.0,752
683,89,19.831,0.0,1765,10.011,2.0,891
684,86,18.174,0.0,1563,7.919,0.0,681
685,79,21.949,0.0,1734,7.759,0.0,613
686,71,29.563,0.0,2099,10.451,2.0,742
687,91,23.176,0.0,2109,7.385,1.0,672
688,89,21.944,0.0,1953,8.618,3.0,767
689,82,22.134,0.0,1815,7.537,0.0,618
690,91,28.857,0.0,2626,9.297,0.0,846
691,79,25.57,0.0,2020,8.646,2.0,683
692,86,26.128,0.0,2247,9.221,3.0,793
693,82,29.659,0.0,2432,9.622,3.0,789
694,88,33.136,0.0,2916,13.045,4.5,1148
695,99,28.838,0.0,2855,9.323,2.0,923
696,87,27.839,0.0,2422,9.0,1.0,783
697,91,26.407,0.0,2403,8.725,2.0,794
698,101,25.069,0.0,2532,8.574,2.0,866
699,100,15.26,0.0,1526,8.17,2.0,817
700,98,14.163,0.0,1388,7.918,3.5,776
701,101,19.743,0.0,1994,7.228,4.0,730
702,100,21.11,0.0,2111,8.1,3.0,810
703,101,26.802,0.0,2707,9.98,3.0,1008
704,109,21.67,0.0,2362,7.569,2.0,825
705,106,25.028,0.0,2653,9.217,1.0,977
706,101,26.792,0.0,2706,7.98,1.0,806
707,96,23.01,0.0,2209,6.479,0.0,622
708,95,16.137,0.0,1533,6.474,0.0,615
709,86,16.0,0.0,1376,4.86,0.5,418
710,86,16.326,0.0,1404,4.872,0.0,419
711,83,17.482,0.0,1451,4.0,0.0,332
712,80,13.888,0.0,1111,4.275,0.0,342
713,91,16.473,0.0,1499,3.769,0.0,343
714,93,13.656,0.0,1270,4.043,0.0,376
715,100,16.02,0.0,1602,4.87,0.0,487
716,85,16.247,0.0,1381,3.506,0.0,298
717,89,11.404,0.0,1015,2.371,0.0,211
718,98,21.898,0.0,2146,5.796,0.0,568
719,84,23.5,0.0,1974,5.333,0.0,448
720,85,19.847,0.0,1687,4.494,0.0,382
721,84,15.917,0.0,1337,3.643,0.0,306
722,99,13.182,0.0,1305,2.253,0.0,223
723,65,16.923,0.0,1100,2.462,0.0,160
724,67,12.896,0.0,864,2.134,0.0,143
725,80,11.038,0.0,883,1.462,0.0,117
726,84,8.0,0.0,672,1.69,0.0,142
727,80,11.275,0.0,902,1.638,0.0,131
728,77,22.532,0.0,1735,5.403,0.0,416
729,66,15.061,0.0,994,3.409,0.0,225
730,77,14.156,0.0,1090,2.416,0.0,186
731,66,7.833,0.0,517,1.848,0.0,122
732,66,4.53,0.0,299,1.758,0.0,116
733,74,13.959,0.0,1033,2.676,0.0,198
734,69,19.507,0.0,1346,1.71,0.0,118
735,77,14.922,0.0,1149,2.39,0.0,184
736,71,12.704,0.0,902,1.93,0.0,137
737,72,13.875,0.0,999,1.389,0.0,100
738,69,19.754,0.0,1363,4.13,0.0,285
739,60,28.65,0.0,1719,4.867,0.0,292
740,68,18.441,0.0,1254,5.324,0.0,362
741,66,15.47,0.0,1021,5.045,0.0,333
742,62,10.258,0.0,636,4.29,0.0,266
743,67,10.612,0.0,711,2.776,0.0,186
744,65,10.954,0.0,712,2.892,0.0,188
745,81,9.148,0.0,741,3.21,0.0,260
746,71,12.225,0.0,868,3.803,0.0,270
747,64,11.891,0.0,761,3.531,0.0,226
748,46,14.891,0.0,685,5.283,0.0,243
749,51,13.529,0.0,690,3.667,0.0,187
750,57,25.211,0.0,1437,8.368,0.0,477
751,53,13.698,0.0,726,6.283,0.0,333
752,46,11.457,0.0,527,4.022,0.0,185
753,50,13.36,0.0,668,7.0,0.0,350
754,52,9.365,0.0,487,4.654,0.0,242
755,58,8.776,0.0,509,7.155,0.0,415
756,57,3.07,0.0,175,3.211,0.0,183
757,49,16.551,0.0,811,5.449,0.0,267
758,59,13.136,0.0,775,3.068,0.0,181
759,49,7.143,0.0,350,3.061,0.0,150
760,56,8.804,0.0,493,2.571,0.0,144
761,49,12.898,0.0,632,3.408,0.0,167
762,49,9.898,0.0,485,2.939,0.0,144
763,49,6.082,0.0,298,3.02,0.0,148
764,59,3.61,0.0,213,1.102,0.0,65
765,56,10.732,0.0,601,3.786,0.0,212
766,54,10.13,0.0,547,3.963,0.0,214
767,54,10.333,0.0,558,4.593,0.0,248
768,68,16.441,0.0,1118,4.676,0.0,318
769,59,6.661,0.0,393,3.356,0.0,198
770,50,15.06,0.0,753,6.62,0.0,331
771,54,26.074,0.0,1408,8.593,0.0,464
772,57,15.544,0.0,886,5.14,0.0,293
773,66,27.03,0.0,1784,8.788,0.0,580
774,69,13.348,0.0,921,4.696,0.0,324
775,67,23.94,0.0,1604,8.821,0.0,591
776,63,28.587,0.0,1801,6.381,0.0,402
777,63,18.286,0.0,1152,7.048,0.0,444
778,51,11.824,0.0,603,2.765,0.0,141
779,43,21.488,0.0,924,7.744,0.0,333
780,50,20.6,0.0,1030,9.64,0.0,482
781,53,19.075,0.0,1011,4.679,0.0,248
782,61,22.77,0.0,1389,9.393,0.0,573
783,66,20.985,0.0,1385,6.894,0.0,455
784,71,17.732,0.0,1259,4.155,0.0,295
785,67,18.657,0.0,1250,6.448,0.0,432
786,52,10.731,0.0,558,4.615,0.0,240
787,56,11.964,0.0,670,4.696,0.0,263
788,60,11.95,0.0,717,6.567,0.0,394
789,53,6.377,0.0,338,1.566,0.0,83
790,43,9.023,0.0,388,8.651,0.0,372
791,45,10.467,0.0,471,6.222,0.0,280
792,48,0.792,0.0,38,3.271,0.0,157
793,55,5.473,0.0,301,1.527,0.0,84
794,54,7.296,0.0,394,4.648,0.0,251
795,57,5.175,0.0,295,2.211,0.0,126
796,52,0.692,0.0,36,1.154,0.0,60
797,54,2.111,0.0,114,1.037,0.0,56
798,58,6.897,0.0,400,2.621,0.0,152
799,51,12.431,0.0,634,7.137,0.0,364
800,58,3.172,0.0,184,1.086,0.0,63
801,62,6.355,0.0,394,1.839,0.0,114
802,66,9.682,0.0,639,3.879,0.0,256
803,63,10.032,0.0,632,3.286,0.0,207
804,58,9.69,0.0,562,4.552,0.0,264
805,59,18.898,0.0,1115,5.814,0.0,343
806,50,11.54,0.0,577,7.7,0.0,385
807,50,4.76,0.0,238,6.98,0.0,349
808,47,5.426,0.0,255,1.532,0.0,72
809,47,3.915,0.0,184,3.447,0.0,162
810,47,2.915,0.0,137,3.0,0.0,141
811,46,6.696,0.0,308,3.891,0.0,179
812,50,2.18,0.0,109,0.0,0.0,0
813,58,1.81,0.0,105,0.379,0.0,22
814,50,1.96,0.0,98,4.38,0.0,219
815,46,0.0,0.0,0,2.87,0.0,132
816,56,4.357,0.0,244,6.375,0.0,357
817,50,4.22,0.0,211,10.76,0.0,538
818,43,4.744,0.0,204,6.907,0.0,297
819,47,4.894,0.0,230,6.447,0.0,303
820,44,2.409,0.0,106,3.477,0.0,153
821,37,5.541,0.0,205,5.595,0.0,207
822,45,2.733,0.0,123,3.022,0.0,136
823,42,1.452,0.0,61,3.69,0.0,155
824,56,2.268,0.0,127,4.161,0.0,233
825,52,1.365,0.0,71,4.077,0.0,212
826,40,2.55,0.0,102,4.025,0.0,161
827,43,3.395,0.0,146,4.372,0.0,188
828,43,3.349,0.0,144,0.0,0.0,0
829,36,3.583,0.0,129,0.0,0.0,0
830,37,7.108,0.0,263,2.541,0.0,94
831,31,8.677,0.0,269,3.194,0.0,99
832,36,7.5,0.0,270,0.0,0.0,0
833,38,8.658,0.0,329,0.895,0.0,34
834,43,6.884,0.0,296,5.465,0.0,235
835,27,5.333,0.0,144,3.333,0.0,90
836,39,6.923,0.0,270,9.333,0.0,364
837,37,5.811,0.0,215,12.081,0.0,447
838,46,4.783,0.0,220,8.022,0.0,369
839,47,2.553,0.0,120,4.809,0.0,226
840,47,2.596,0.0,122,3.596,0.0,169
841,57,1.807,0.0,103,1.825,0.0,104
842,41,2.366,0.0,97,2.561,0.0,105
843,47,0.532,0.0,25,5.064,0.0,238
844,42,0.595,0.0,25,2.286,0.0,96
845,42,0.5,0.0,21,4.071,0.0,171
846,37,0.784,0.0,29,2.73,0.0,101
847,37,1.351,0.0,50,0.0,0.0,0
848,31,1.839,0.0,57,4.032,0.0,125
849,43,1.093,0.0,47,1.279,0.0,55
850,32,1.406,0.0,45,0.0,0.0,0
851,37,1.324,0.0,49,0.0,0.0,0
852,34,1.235,0.0,42,0.0,0.0,0
853,38,1.526,0.0,58,2.658,0.0,101
854,36,0.0,0.0,0,2.222,0.0,80
855,44,0.455,0.0,20,1.364,0.0,60
856,43,1.07,0.0,46,0.0,0.0,0
857,31,0.0,0.0,0,1.419,0.0,44
858,25,0.0,0.0,0,0.0,0.0,0
859,25,1.6,0.0,40,2.0,0.0,50
860,25,0.0,0.0,0,0.0,0.0,0
861,32,1.562,0.0,50,33.156,0.0,1061
862,29,2.241,0.0,65,51.241,0.0,1486
863,27,4.667,0.0,126,113.407,0.0,3062
864,23,6.174,0.0,142,155.174,0.0,3569
865,17,8.235,0.0,140,198.824,0.0,3380
866,24,6.625,0.0,159,160.875,0.0,3861
867,18,7.0,0.0,126,155.389,0.0,2797
868,21,3.143,0.0,66,100.19,0.0,2104
869,20,3.6,0.0,72,106.0,0.0,2120
870,21,3.571,0.0,75,98.429,0.0,2067
871,7,13.429,0.0,94,307.714,0.0,2154
872,8,0.0,0.0,0,0.0,0.0,0
873,13,0.0,0.0,0,0.0,0.0,0
874,10,0.0,0.0,0,0.0,0.0,0
875,11,0.0,0.0,0,0.0,0.0,0
876,9,0.0,0.0,0,0.0,0.0,0
877,6,0.0,0.0,0,0.0,0.0,0
878,7,0.0,0.0,0,0.0,0.0,0
879,11,0.0,0.0,0,0.0,0.0,0
880,4,0.0,0.0,0,0.0,0.0,0
881,5,0.0,0.0,0,0.0,0.0,0
882,8,9.375,0.0,75,79.875,0.0,639
883,15,5.867,0.0,88,44.933,0.0,674
884,8,11.5,0.0,92,82.875,0.0,663
885,6,15.5,0.0,93,103.833,0.0,623
886,8,13.0,0.0,104,78.875,0.0,631
887,8,13.375,0.0,107,83.0,0.0,664
888,5,21.6,22.0,108,125.2,0.0,626
889,9,10.111,0.0,91,74.333,0.0,669
890,9,13.222,0.0,119,73.667,0.0,663
891,13,7.615,0.0,99,24.462,0.0,318
892,11,10.909,0.0,120,28.182,0.0,310
893,7,10.429,0.0,73,47.0,0.0,329
894,5,19.8,0.0,99,72.2,0.0,361
895,6,19.167,0.0,115,60.833,0.0,365
896,7,13.286,0.0,93,47.714,0.0,334
897,62,0.0,0.0,0,0.0,0.0,0
898,80,1.588,0.0,127,3.938,0.0,315
899,190,0.532,0.0,101,12.447,0.0,2365
900,227,0.339,0.0,77,0.0,0.0,0
901,4,0.0,0.0,0,0.0,0.0,0
902,145,0.0,0.0,0,0.0,0.0,0
904,4,14.25,0.0,57,0.0,0.0,0
905,2,0.0,0.0,0,0.0,0.0,0
907,141,1.227,0.0,173,17.504,0.0,2468
908,193,0.0,0.0,0,0.0,0.0,0
909,4,19.75,21.5,79,0.0,0.0,0
911,60,0.0,0.0,0,0.0,0.0,0
912,25,0.92,0.0,23,0.0,0.0,0
913,2,0.0,0.0,0,0.0,0.0,0
914,30,5.3,1.0,159,122.3,12.5,3669
916,23,0.0,0.0,0,0.0,0.0,0
918,81,0.519,0.0,42,10.086,0.0,817
919,84,0.0,0.0,0,0.0,0.0,0
920,65,0.0,0.0,0,0.0,0.0,0
921,58,2.345,0.0,136,0.0,0.0,0
